{
	"credit": "Made with Blockbench",
	"parent": "block/block",
	"texture_size": [16, 32],
	"textures": {
		"0": "computercraft:block/wired_modem_off",
		"particle": "computercraft:block/wired_modem_off"
	},
	"elements": [
		{
			"from": [4, 3, -2],
			"to": [12, 13, 2],
			"faces": {
				"north": {"uv": [4, 2, 12, 7], "texture": "#0", "cullface": "north"},
				"east": {"uv": [4, 2, 0, 7], "texture": "#0"},
				"south": {"uv": [4, 2, 12, 7], "texture": "#0"},
				"west": {"uv": [0, 2, 4, 7], "texture": "#0"},
				"up": {"uv": [4, 0, 12, 2], "texture": "#0"},
				"down": {"uv": [4, 2, 12, 0], "texture": "#0"}
			}
		},
		{
			"from": [5.75, 5.75, 2],
			"to": [10.25, 10.25, 3],
			"faces": {
				"north": {"uv": [11, 7.5, 7, 9.5], "texture": "#missing"},
				"east": {"uv": [11, 7.5, 12, 9.5], "texture": "#0"},
				"south": {"uv": [7, 7.5, 11, 9.5], "texture": "#0"},
				"west": {"uv": [6, 7.5, 7, 9.5], "texture": "#0"},
				"up": {"uv": [7, 7.5, 11, 7], "texture": "#0"},
				"down": {"uv": [7, 9.5, 11, 10], "texture": "#0"}
			}
		}
	],
	"display": {
		"thirdperson_righthand": {
			"rotation": [75, 180, 0],
			"translation": [0, 2.5, 0],
			"scale": [0.5, 0.5, 0.5]
		},
		"thirdperson_lefthand": {
			"translation": [0, 2.5, 0],
			"scale": [0.5, 0.5, 0.5]
		},
		"firstperson_righthand": {
			"rotation": [0, 45, 0],
			"scale": [0.4, 0.4, 0.4]
		},
		"firstperson_lefthand": {
			"rotation": [0, 45, 0],
			"scale": [0.4, 0.4, 0.4]
		},
		"ground": {
			"translation": [0, 3, 0],
			"scale": [0.5, 0.5, 0.5]
		},
		"gui": {
			"rotation": [30, 45, 0],
			"translation": [3.95, -2.25, 0],
			"scale": [0.75, 0.75, 0.75]
		},
		"fixed": {
			"translation": [0, 0, 8]
		}
	}
}